警戒区域への一時立入が開始しました。参加には登録が必要です。県外避難者含め、受付センター0120-208-066（毎日8時～22時）までご登録下さいhttp://www.nisa.meti.go.jp/earthquake/tachiiri/tachiiri_index.html,High
本日、川内村と葛尾村で一時立入が行われました。川内村２８世帯４３名、葛尾村１７世帯２７名。除染の必要のある方及び気分の悪くなった方はおらず、無事終了できました。,High
一時立入の今後の予定ですが、田村市については希望調査中ですので、希望される方はあす１３日（金）までに、役場にご連絡ください。 その他の市町（南相馬市、楢葉町、富岡町、大熊町、双葉町、浪江町）については、あす１３日以降、フリーダイヤル0120-208-066までご連絡ください。,High
警戒区域への一時立入についてですが、立入可能な方、持ち出し可能な品、立入の流れなどは、経済産業省原子力安全・保安院のHPをご覧ください。 http://www.nisa.meti.go.jp/earthquake/tachiiri/tachiiri_index.html,High
福島県で被災され避難されている方は、以前お住まいだった市町村へ、現在の所在地・連絡先等をご連絡いただけますようお願いします。 詳細は、福島県HPをご覧下さい。　 http://www.pref.fukushima.jp/j/call_center5.pdf,High
福島県・経済産業省では、原子力発電事故により移転を余儀なくされる中小企業等に対し、事業所を県内に移転する場合、事業継続・再開に必要な事業資金につき無利子無担保の融資行います。6月1日から申請を受け付けます。 詳しくは、http://tinyurl.com/3upv5cc,High
【お知らせ】大震災により被害を受けられた方へ。住民税、固定資産税、自動車税等の地方税について軽減措置等を受けられます。お問い合わせはお住まいの市町村または県へ⇒ http://twme.jp/pmo/0002,High
本日、警戒区域への一時立入が行われました。南相馬市（一部）と富岡町（一部）が対象です。スクリーニングの結果など、またお知らせします。,High
役場の臨時職員募集のお知らせ：浪江町では、警戒区域への一時立入りの業務等のために、１０数名程度の臨時職員を募集しています。雇用期間は概ね３ヶ月です。６月１日までで募集締切。 詳しくは、浪江町ＨＰ　http://www.town.namie.fukushima.jp/?p=3337,High
応急仮設住宅への入居募集のお知らせ：葛尾町では、応急仮設住宅への入居への応募を受け付けています。間取りは１ＤＫから３Ｋまであります。 詳しくは、葛尾村ＨＰ　http://www.katsurao.org/forms/info/info.aspx?info_id=21938,High
全国に避難されている被災者のみなさまへ。避難先の市町村へ、現在のあなたの所在地などをお知らせ下さい。見舞金、税金の減免など生活支援に関する大切な情報をお届けします。詳しくはいまいらっしゃる避難先の市町村にお問い合わせ下されば大丈夫です。,Middle
被災１３市町村から県内外に避難している方々に向けて、国からの情報提供として「ふれあいニュースレター【電子版0110】」を配信。旧緊急時避難準備区域避難指示解除準備区域の河川水源地モニタリング結果、避難者等への住民意向調査等お知らせします。　http://tinyurl.com/7cnnyvw ,Middle
【お知らせ】＜仮設住宅＞政府は、仮設住宅の居住環境の改善に向け、冬を控えての寒さ対策、交通手段確保、買い物支援等の対応策をとりまとめました⇒(PDF) http://twme.jp/pmo/00AZ,Middle
【お知らせ】＜除染＞文部科学省は、福島県に学校等の除染を行うチームを派遣します。「チルドレン・ファースト」の方針の下、学校・通学路・公園等、子どもの生活環境の優先的な除染を行います⇒ http://twme.jp/pmo/00AW,Middle
【いわき市・保育施設及び教育施設における除染及び表土除去の実施状況について（平成23年10月19日現在）】 いわき市の施設の清掃、除草及び洗浄作業の実施状況等はこちらからご覧いただけます。http://tinyurl.com/3j97urw,Middle
【楢葉元気あっぷ教室参加者募集】 楢葉町は、運動でカラダもココロもスッキリと笑顔で復興を目指せるよう「みんなでいっしょに 楢葉元気あっぷ教室」を開催します。１クラス６０分程度で、ストレッチや様々な体操を組み合わせた運動を行います。要申込みhttp://tinyurl.com/62fx36f,Middle
【双葉町役場福島支所の開設のお知らせ 】 福島県内外に避難されている住民の方への行政サービスの利便性の向上を図るために、１０月２８日（金）より郡山市に双葉町役場福島支所を開設します。 郡山市朝日一丁目２０番２号　０２４－９７３－８０９０ http://tinyurl.com/66w8oap,Middle
【いわき市公立保育所遊戯室の開放について】 原発事故による放射線量の影響等で、保育所や幼稚園に通っていないお子さんは外出や運動する機会が少なくなっていることから、いわき市は、公立保育所のお遊戯室を毎週1回無料開放します。詳細はこちら。 http://tinyurl.com/6boutya ,Middle
【移転して営農することを希望する被災農家等の支援施策】 農林水産省及び厚生労働省は、住み慣れた土地から他地域への移転を検討せざるを得ない被災農家等に対し、マッチングから営農開始までの多様な支援施策を、営農の面と雇用の面からとりまとめました。http://tinyurl.com/6dqxs6x,Middle
【福島県の仮設住宅等入居者支援事業一覧の作成について】 福島県は、仮設住宅等入居者の方への支援事業をとりまとめました。 http://www.pref.fukushima.jp/j/nyukyosya-shien-ichiran.pdf …,Middle
住宅情報館の明るさは異常 ,Low
電子レンジ使ってる間、猫がそばで溶けてたから思いっきり顔近づけて住宅情報館の歌を小声で歌い続けてたら本当に嫌な顔された,Low
住宅情報館行ってきたんだけど 最初はやる気なかった担当の人が、 お母さんの年収と不動産の話を聞いた途端、急に対応変わって、 資料も走って取ってくるようになってワロタ,Low
「これ読んでー」って持ってこられた本がアパマンショップ(住宅情報誌)だったので、「おしい！これアンパンマンじゃない！」って答えたら横にいた小さい子連れた女性に吹き出された(実話 選書力って大事ね_(:3｣∠)_,Low
住宅情報誌見てる時が一番幸せ,Low
地方都市の集合住宅だだCATVかADSLのみ可ってケースがあるから、調査対象の人にうまいこと自分のサーバーのURL踏ませてプロバイダー解析すりゃ多少情報を得られるな、という小ネタを思いついたけど、その労力+住宅情報めぐって集合住宅のネット回線についてのリスト作りのコストが高すぎる,Low
今週の住宅情報番組「住まなび」は都内屈指の高級住宅街 田園調布特集！有名人や芸能人達が住む街にお手頃価格で住める！？他にも物件情報も配信中です。詳しくはこちら⇒http://jk.tv  #不動産,Low
地域学区ガイド・不動産住宅情報 家、土地、学区、小学校、中学校、高校、保育園、幼稚園など地域と不動産に関する情報満載です。お引越しをお考えの方は要チェック！ http://www.iezo.net/tiikinavi/gifu/nakatsugawa/ …,Low
え、じゃあちゃんりなの「住宅情報館🎵」ジングルにしよう(笑)！！,Low
ええっ？住宅情報館のモノマネをきゃたぴーが？😳 完全に不思議ちゃん認定ですおめでとうごさいます☺️,Low